,id,title,content,comment,summary,category1,category2,category3
47,zkxern,"Anyone from the 1990s to the 2000s , does anyone remember the ceiling train that used to run in SGH and NUH?","I may be bad at phrasing this but when I was a kid, I usually saw this small box that ran alongside the ceiling into hospital wards and into offices , commonly found in SGH and NUH. They gain access into these wards by a small cut out window that I found at the top of the ceiling. It follows corridors in the hospital and can be found in almost every corridor. In 2008, I got my first experience seeing this and my mother told me it was used to transport hospital documents. In 2011 however, the boxes or trains as I called it , were removed but the track remained . Latest in 2020, the only remnants of this system were the small cutout window boxes at the top of the ceiling . It was sealed shut. This has been bugging me since I was little. I always wondered what the true purpose of these small trains were and what their true names were? So anyone who has worked in these old Singaporean hospitals or used to do maintaince on these things , what are these small weird things that I am thinking of and what is their true purpose. Maybe I'm a little off about it or maybe it doesn't exist ? Can someone tell me .",,Pneumatic tube system used to transport documents in Singaporean hospitals,information/news,other,other
52,15nfod0,Grab‚Äôs service delivery is poor across their different products. What can we do?,"It‚Äôs a continuation from another thread - where you can‚Äôt cancel Grabfood, even if they are really late. 

My other complaints:

1) they have made it so much harder to get Grab points and instead ‚Äúrandomly‚Äù assign points after every transaction. Sometimes you can get zero points. WTF. 

2) Grab driver accepts job and then went MIA , and we have to cancel after waiting for 15-20 mins. Prices went up in the meanwhile and still have to suck it up. 

3) Customer service provided zero service. Robotic responses and sometimes, I question if it‚Äôs a bot or it‚Äôs a real person answering my questions/feedback. Don‚Äôt expect any service recovery. 

Somehow they are buying over TransCab, which means they are increasing their market power. By doing so, they will exercise their power and grab more $$$ from me and you. 

What can we do?",,"Grabfood service complaints about loyalty points, MIA drivers, poor customer service, and increasing market power.",complaint,private transport,other
74,jwyfo6,"Inaugural Trip on the Jurong line, 1965. I suspect this is Clementi Road , (which also may be known as Reformatory Road, changed in 1947). features a Class 20 on a special trip with passenger service.",,,"Jurong Line inaugural trip in 1965, possibly at Clementi Road.",information/news,train service,other
97,128plry,A food delivery guy on an e-bike almost hit my baby in her stroller today.,"I suppose this is more of a rant than a discussion. I want to clarify that this took place at an off-peak hour (12pm on a Saturday) on a pedestrian path where e-bikes are banned. There was a scaffolding that blocked the T-path that I was approaching, and my spidey-senses told me to check before pushing the stroller out. Sure enough the rider on his e-bike zoomed past (at an unregulated speed), and I would certainly have been hit if I had not stepped back. The rider yelled out ‚Äúsorry sorry‚Äù as he passed with no indication of slowing down. My husband who was behind me chased after him on foot to demand for his phone number. He told me he seemed apologetic and he let him go, where the rider then dismounted and pushed his e-bike until out of our sight.

This is where the struggle comes in: because there was no hit / damage, I can‚Äôt do anything about it. I can‚Äôt report him as I don‚Äôt know what platform he works for. I can‚Äôt get the police involved as there is no license tied to his vehicle, despite a legal ban that was laid out to prevent exactly such incidents. 

I am not against riders - I deeply respect that they are out there to make their livelihoods, but is your delivery more important the safety of my child, or your own safety? Is the near-miss not enough for you to feel to need to slow down and check if we are okay? Are you going to blatantly ignore this incident and cause a bigger, more painful lesson for someone else or for yourself?

Should we have collided, your ‚Äúsorry‚Äù will not un-scar my 9 month old, or me. Your biggest issue would not be a missed delivery, and both your day and mine would have turned out very differently. You‚Äôre still out there making deliveries because I hesitated to push my baby‚Äôs stroller out onto the pedestrian path that I had every right to access on a Saturday afternoon. I don‚Äôt know what else I can do but to share this incident for more awareness towards pedestrians and riders alike to not take our road safety for granted.

Thank yo",,Complaint about e-bike rider near miss on pedestrian path,complaint,walk/cycle,safety
99,xoabzw,Rental car registrations up over 25% in first half of 2022,,,Rental car registrations up 25% in first half of 2022,information/news,private transport,private transport
107,qlqgjx,Public transport fares to rise by 3 to 4 cents for adults from Dec 26,,,Bus and train fares increasing by 3-4 cents from Dec 26,information/news,"bus service, train service",policy/regulation
115,df7zlz,"E-scooter rider going at 28km/h at void deck injures man‚Äôs leg, gets 6 weeks‚Äô jail",,,"E-scooter rider injures man at void deck, jailed.",complaint,private transport,safety
121,1ar7al0,Woman taken to hospital after accident involving Go-Ahead Singapore bus and car,,,Bus and car accident sends woman to hospital,information/news,bus service,other
129,19cy2iv,Additional S$40 million to be used for maintenance of older ticketing system after SimplyGo shelving: LTA,,,$40m to maintain old ticketing system after SimplyGo cancellation,information/news,bus service,other
130,vos9iq,"LTA awards 1-year licence to China‚Äôs bike-sharing giant Hello to operate 1,000 bicycles in Singapore",,,Bike-sharing company granted license to operate in Singapore,information/news,private transport,other
132,nmz0dp,Entrepreneur blames Singapore‚Äôs LTA for failed $3.5m underground bicycle parking project,,,Singaporean bicycle parking project failure blamed on LTA,complaint,infrastructure/facilities/systems,infrastructure/facilities
137,lssrpl,"Dear LTA, thanks for placing your map‚Äôs QR code in a place that every attempt of scanning it when someone is sitting here makes you look like a creep. [GF for demonstrations ]",,,LTA map QR code placement makes users look like creeps.,complaint,bus service,other
138,zdn2xz,"UPDATE: After my previous post, platform line maps are being changed across TEL to reflect estimated travel timings more accurately","Last week I made [a post about some observations that I have made on the TEL, including how travel timings on platform line maps are significantly underestimated](https://www.reddit.com/r/singapore/comments/z6i58u/some_observations_about_the_thomsoneast_coast/).

Well, it seems that the people at LTA/SMRT have taken notice of my post, as I was told by a few other train otakus yesterday that the estimated travel timings on the platform line maps at Woodlands North & Woodlands stations have been increased, and are now close to what I have recorded previously.

So I went to check the platform line maps of all TEL stations, and all of them have been updated as of 9 December, 6.30pm.

With the updated line maps, they now show your estimated travel timings more accurately than the previous maps. This is evident when the cumulative travel times of all TEL stations from Woodlands North now have less than a minute deviation from my actual recorded timings, as shown in the updated table below.

Updated Cumulative Travel Time (From Woodlands North to Gardens by the Bay)

|Station|Line map|Actual time|Difference|
|:-|:-|:-|:-|
|Woodlands|2 min|1 min 43 s|‚Äì 17 s|
|Woodlands South|~~4 min~~ 5 min|4 min 33 s|‚Äì 27 s ~~+ 33 s~~|
|Springleaf|~~8 min~~ 10 min|9 min 22 s|‚Äì 38 s ~~+ 1 min 22 s~~|
|Lentor|~~11 min~~ 13 min|12 min 32 s|‚Äì 28 s ~~+ 1 min 32 s~~|
|Mayflower|~~13 min~~ 15 min|14 min 57 s|‚Äì 3 s ~~+ 1 min 57 s~~|
|Bright Hill|~~15 min~~ 17 min|17 min 4 s|\+ 4 s ~~+ 2 min 4 s~~|
|Upper Thomson|~~17 min~~ 20 min|19 min 27 s|‚Äì 33 s ~~+ 2 min 27 s~~|
|Caldecott|~~19 min~~ 23 min|22 min 19 s|‚Äì 41 s ~~+ 3 min 19 s~~|
|Stevens|~~23 min~~ 27 min|26 min 11 s|‚Äì 49 s ~~+ 3 min 11 s~~|
|Napier|~~25 min~~ 30 min|29 min 30 s|‚Äì 30 s ~~+ 4 min 30 s~~|
|Orchard Boulevard|~~26 min~~ 32 min|31 min 21 s|‚Äì 39 s ~~+ 5 min 21 s~~|
|Orchard|~~28 min~~ 34 min|33 min 33 s|‚Äì 27 s ~~+ 5 min 33 s~~|
|Great World|~~30 min~~ 37 min|36 min 7 s|‚Äì 53 s ~~+ 6 min 7 s~~|
|Havelock|~~31 min~~ 38 min|37 min 52 s|‚Äì",,TEL travel time updates,information/news,train service,train service
139,z6i58u,"Some observations about the Thomson-East Coast Line (TEL), including underestimated travel timings on line maps and comparing its actual travel time with the North South Line (NSL)","The Thomson-East Coast Line 3 has been open for more than two weeks. Since its opening, I have been taking the entire TEL up and down frequently, and have made some observations about the line.

**1. How accurate are the travel times on platform line maps along the TEL?**

Although the distance between two consecutive stations along the TEL is shorter in the city area, I still find it odd that it only takes 1 min to travel between most of them, especially when including the time that the trains dwell at the stations. For reference, I will embed the links to the platform line maps here:  
[Woodlands North towards Gardens by the Bay](https://photos.app.goo.gl/QZ6j9nK7A6EvAUVaA)  
[Gardens by the Bay towards Woodlands North](https://photos.app.goo.gl/f6Hw1YP95isdTPc77)

I used the stopwatch on my phone to time the duration that the train takes to travel from one station to another and indeed, the actual duration is significantly larger than what is stated on the platform line maps, as stated in the tables below.

When I recorded the data, all travel timings between two consecutive stations and dwell times at stations were taken at least 3 times each to ensure consistency and averaged. All timings were recorded outside of weekday peak hours, so I am not sure whether these timings will increase during weekday peak hours.

To avoid making the post too long, I will post the travel and dwell times for individual stations separately in [this link](https://docs.google.com/document/d/1LO1lB0jptt8UJnlUYUd3KxYqSmKoyvIauf6DNYVlb5w/edit?usp=sharing) for those who are interested. The cumulative travel time for both directions is as follows.

Cumulative Travel Time (From Woodlands North to Gardens by the Bay)

|Station|Line map|Actual time|Difference|
|:-|:-|:-|:-|
|Woodlands|2 min|1 min 43 s|‚àí 17 s|
|Woodlands South|4 min|4 min 33 s|\+ 33 s|
|Springleaf|8 min|9 min 22 s|\+ 1 min 22 s|
|Lentor|11 min|12 min 32 s|\+ 1 min 32 s|
|Mayflower|13 min|14 min 57 s|\+ 1 min 57 s|
|Bright Hil",,TEL travel time accuracy and consistency,information/news,train service,train service
140,13ga0fg,Is there something amiss with the Jurong Region MRT plans?,"I am usually a great admirer of Singapore‚Äôs urban planning and public transportation system. However, when I look at the plans for the upcoming Jurong Region Line, I can‚Äôt help thinking that there are major issues which don‚Äôt seem to be fully considered by LTA:

https://landtransportguru.net/jrl-alignment-map/

Let‚Äôs first consider some facts:
- The upcoming Tengah state, as well as the ongoing expansion of Jurong state, will massively increase the population of the West (I would guess 50%)
- The East-West line is already completely packed
- Jurong East is already Singapore‚Äôs most overcrowded and chaotic station. Not just because of the number of people, but also because it‚Äôs quite old with narrow platforms that can‚Äôt barely fit the commuters using the station
- East is planned to have 4 lines to outside the region, including 3 that go directly to the CBD. West has only 1

However, instead of creating an alternative route to the CBD, Science Park and other business centers, the JR line will essentially route everyone in the West to Jurong East. Even to take the Cross Island line you need to go to Jurong East and then change again at Clementi. The JR line connects to Chua Chu Kang, but I don‚Äôt think it‚Äôs useful as you need to transverse the whole Bukit Panjang LRT to transfer to Downtown Line. So you have no choice but to transfer from red line to green line via‚Ä¶ Jurong East.

I know that the government planned to create a new CBD in Jurong area, but now that seems unlikely with the HSR cancellation. And even if it will eventually happen, there is no way the 100s of thousands of people who will soon be living in Tengah and Jurong will be all working in the West.

I am missing something? Does LTA has some secret plan to prevent the collapse of green line and especially Jurong East station? (I dunno, some new train technology that will allow 15 second train intervals or so?)",,"Concerns about overcrowding on Jurong Region Line, lack of alternative routes to CBD",complaint,train service,train service
143,6lq9km,I wouldn't mind COE if I had reliable public transportation. But I don't. [SMRT Red Line Rant],"The red line is already sluggish and stuttery as it is. 

I used to be pissed off at how it's always slow, always stopping midway for no absolute god damn reason. But I've gotten used to it hence which is why I plan my journeys to and from my Polytechnic 20mins early nowadays. 

But no on many god damn situations 20mins isn't enough to compensate for the absolute gobshite that is the Red Line. Such as today. 

# 30 MINUTES DELAY? I'VE BEEN STANDING ON MY FUCKING LEGS ON THIS FUCKING PLATFORM FOR THE LAST FUCKING 45 MINUTES.

Either do two things Singapore, improve one of your main railway lines or end the COE program so that all of us can get the reliable transportation we need. 

-----

Now onto SMRT.

Seriously, who is the absolute cunt that's operating SMRT? 

 WHAT IS THE POINT OF NEW SHINY TRAINS IF YOU'RE GOING TO RUN THEM ON AN UNRELIABLE SYSTEM?

New trains, new this, new that, waste millions of our dollars on nothing. The old refurbished trains do their job well. Why aren't you making train services reliable? I can't give an absolute shit about those new trains.

It's like putting bling on your rusty truck that's going to die. It's not going to extend its lifespan or improve it.

-----

Anyways back to my main point, I'm annoyed that in Singapore you can't have reliable transportation especially if you live along the red line. I wished I could get $3000 used cars without paying COE like what my Australian cousins are doing.

> Before you tell me to fuck off to Australia, I still have not served my NS. So yeah, I would be a fugitive if I were to migrate over now and not return back. I wouldn't have money in the first place to migrate anyways.

------

**EDIT**

I guess I have worded my rant a little wrongly, *what I was having in mind by my phrase ""Either abolish COE or improve public transportation"" was that the LTA-SMRT would force themselves to improve the trains because abolishing CEO will never be a sensible solution.*",,"Red Line train delays cause frustration, suggesting improved public transportation or end of COE program.",complaint,train service,policy/regulation
145,duta8m,I did a redesign of the MRT System map for 2040,,,MRT System map redesign for 2040,information/news,train service,connectivity
146,o66y97,Mini-LPT: Understand public transport transfer rules to save abit of money,"**Credits: https://landtransportguru.net/distance-based-fares/ You can read about this in more detail there.**

Our buses and trains currently operate using distance-based fares, based on what is shown [here](https://www.lta.gov.sg/content/dam/ltagov/img/map/bus/fare-table.pdf).

You‚Äôll notice that the fares don‚Äôt actually start at $0.00; for example, an adult starting his trip will incur a $0.92 ‚Äústarting fare‚Äù just by tapping in.

However, most trips consist of more than 1 bus/train ride. As such, LTA laid out a few rules for transfers between rides; by following these rules, the next bus/train ride can be considered a continuation of the trip, with the total distance added up for the final fare. If the rules are broken, the tap-in will be considered a new trip, hence re-incurring the starting fare.

The transfer rules are as follows:
1) *A total of 5 transfers can be made in a single trip. Each transfer (i.e. the time between a tap-out and the next tap-in) must be within 45 minutes.* This gives a total of 6 separate bus/train rides per trip. However, this does not apply to transfers between train stations (see point 4).

2) *The time between the first and last tap-in must be less than 2 hours.* The time of the last tap-out doesn‚Äôt matter.

3) *The same bus service number cannot be taken consecutively.* However, it **can** be taken non-consecutively e.g. with a ride on a train or even on another bus service in between.

4) *Transfers directly between different train stations are allowed, but must be made within 15 minutes.*

5) *No tapping out and in at the same train station*. The only exceptions are at stations with unpaid links between lines (e.g. Tampines, Newton); for these cases, the transfer must be made within 15 minutes.

So, by keeping within the rules, we can try to keep within a single trip, such as when we are doing short trips for quick errands. This allows us to incur the starting fare only once.

For example:

- For starters, I believe the 45-minut",,"Bus and train fares in Singapore are distance-based with a starting fare, with rules for transfers to avoid re-incurring the starting fare.",information/news,bus service,affordability
147,gy7d1n,Pool of water at abandoned MRT Construction site near my house has fish in it now,,,Pool of water at abandoned MRT construction site with fish,information/news,infrastructure/facilities/systems,other
152,2lbyrx,"Its not about you, its about them (or, how I learnt to hate the Singapore taxi system)","In Melbourne, where I am from, it is an offence for a taxi driver to cherry-pick fares. Here in Singapore, it seems an acceptable practice.

Lines and lines of taxi drivers last Friday night kept passing. Forty five minutes, and I counted (guestimated) 55 cabs that slowed down, asked where we were going, and then sped off. Finally, we had to resort to bribery ""we will give you extra money if you take us, please, no one is stopping"",a nd only then did he do it grudlgingly, and he was apparently going the same way as us as wel!! (He was going to Pasir Ris, we were going to Geylang - its on the fxn way, in the same direction, dude!)

Begging the whole ""Change of shift, must get home to family""  - and ""not going that way"" or just simply speeding away when the fare isnt to their liking is bullshit - oh sorry, not going *your* way? huh? Im not a freakin hitchhiker trying to bum a lift, Im going to pay you for your damn service. 

Nowhere in Singapore is far away. Nowhere is more than an hours drive (and thats going one end to the other!). There is abslutely fkn nowhere that is ""inconvenient"" for the driver to take a passenger.

Nowhere else in the world have I seen this, and damn, I have traveled. As i mentioned, its even actually against the law for taxis to do this in Australia. Ive had better taxi service in run down twenty year old cars in Guatemala than I have had here.

In Singapore, its just not about where you want to go - its about where they want to go, and thats plain bullshit -allowing drivers to do this without repercussion is the mark of a broken system, whereby the public that they are supposed to be servicing is put second to the driver and his convenience and needs.

How often does this happen to you? How do you feel about it? would it be better if laws were put in place to stop taxi drivers doing this? Would it ever happen (doubtful in Sg, in my mind)?

The SG taxi system is utterly broken - discuss.

/endrant

**tl;dr - Singapore taxis fkn suck and they",,"Singapore taxis refuse short trips, despite it not being illegal",complaint,taxi service,other
159,pm1p1f,More road dividers to be installed at Tanjong Pagar Road after fatal CNY accident,,,More road dividers at Tanjong Pagar after fatal accident,information/news,infrastructure/facilities/systems,other
168,hvxy96,Guide: Transferring between MRT lines,"So, /u/majoshticbeast recently posted a London underground rendition of our trusty system map, and I noticed that one of the design considerations was to add ""OSI""s onto the map. 

Also, people frequently rant about the DTL loop, not knowing that they can simply tap out and tap back in, and get charged the same fare.

In 2018, in response to the huge loop that the DTL makes, the LTA (finally) decided to allow transfers between MRT lines without needing a bus ride in between, so below are some of what I feel are the most useful MRT line to MRT line interchanges that you can make within the (15min) time limit, and what interchanges to avoid (even though some maps show it as possible) so as not to risk getting charged more for 2 rides.

* Rochor to Jalan Besar

Transferring from DTL2 to DTL3 is one of the biggest timesavers, as it takes at least 15mins to travel that loop on a train. Rochor to Jalan Besar is the nearest 2 stations, which almost guarantees you a transfer within the time limit. Transfers to avoid: Litttle India to Jalan Besar, Rochor to Bencoolen

* Esplanade to City Hall

Easily the most useful travel hack for westerners heading to the sports hub/golden mile, as it avoids the mess that is Dhoby Ghaut. This transfer can actually be accomplished within 5mins when the right path is used (via Raffles City), avoiding the labyrinth of Citylink Mall. Transfers to avoid: Esplanade to Bugis, Bras Basah to Bugis

* Downtown to Marina Bay / Raffles Place

For workers who need to get between the Downtown Line and the NSL/TEL, Downtown is the best station to make the transfer. Typically, Marina Bay is fine for both lines. However if you're using the NSL and it's a hot day you can also opt to use Raffles Place instead as it has an aircon linkway. Transfers to avoid: Chinatown to Raffles Place.

* Dhoby Ghaut to Bencoolen / Little India to Jalan Besar

Both are about the same distance from each other and allow for a seamless transfer between the NEL and DTL. Just reme",,MRT line-to-line interchange guide for time savings and fare avoidance,information/news,train service,train service
180,11pb5ox,SSDC: A March 2023 guide to getting your Class 3/3A License,"Having recently passed my class 3 license, I found that the SSDC website is trash and does the absolute bare minimum to provide you with the information you need to obtain your license. Sure, there are guides like [this](https://www.reddit.com/r/askSingapore/comments/kc7x2n/december_2020_guide_to_getting_a_driving_license/) which are comprehensive, but I want to write something a bit more up to date and also have this guide serve as the guideline for the next year or so before something changes again and someone else comes along to write another guide. Before this, I would like to thank u/espoir90 for providing me with all the minute details that allowed me to get my license seamlessly and without having to rely on differing info from multiple sources.

I first enrolled in early October 2022, took my BTT at the end of the month, started my lessons the very next day. I booked my TP in late Jan 2023, which I took in March 2023 and passed. I completed my FTT and simulator lessons in mid-Nov 2022. The total number of days it took for me from enrolling to actually getting my license was 152 days, with a timespan of 87 days between my first practical lesson and the one that allowed me to book for my TP test.

The process for getting your license goes somewhat like this. I guess this also serves as the TLDR:

1. Enrol online or on-site (walk-in at 9.30am, 2.30pm & 5pm on Weekdays at Level 3)
2. Photo-taking, eyesight test & receiving your training record booklet. If you enrol on-site, this will happen on the same day
3. Watch the online theory videos. Login to your account in order to access it. There are a total of 4 videos. Watch the first 2 to be eligible to book for your Theory Trial Test (TTT) for your Basic Theory Test (BTT). I will explain how the money-sucking TTT system and videos work below.
4. Book BTT
5. Apply for Provisional Driving License (PDL) ($25)
6. Book practical lessons
7. Book TTT for FTT and then book your actual FTT and pass it before your TP test
8",,Guide to obtaining a Class 3 driving license in Singapore.,information/news,private transport,private transport
204,drcl5m,E-scooters to be banned on Singapore's footpaths from Nov 5,,,E-scooters to be banned on Singapore's footpaths,information/news,other,other
207,17c3dyk,Do you need to engine brake for every traffic light?,"Hi guys , recently I went for revision lesson for preparation for my tp and got a different instructor from my usual practical lessons. During road when I was approaching red lights at 30kmh at 3rd gear I slowed down and shifted to 2nd gear to effectively apply engine braking. The instructor told me not necessary why the extra step just use brake and shift to 1st whereas my other instructor asks me to use engine braking , what do you guys think is the right way for tp test? really confused when my test is nearing. Braking and stopping is def lesser step and less stressing but I don‚Äôt want be to wrong.",,Instructor disagreement on engine braking for TP test.,query,private transport,other
230,18klxnn,"Tengah‚Äôs early residents bemoan lack of amenities, transport options and connectivity",,,"Tengah residents frustrated with amenity, transport, connectivity lack",complaint,infrastructure/facilities/systems,other
231,15d9kua,Are people so obtuse in public transport settings?,"I was riding on a double decker bus this morning, and a lady sat behind me; I wanna say around mid twenties. 

It was a long bus ride through the expressway, bus 960E for those who know. I‚Äôm just listening to music and dreading the long day I‚Äôm about to have, and this lady starts to get comfortable by pushing her knees against the back of the seat I‚Äôm sitting in. At first I just kept quiet about it, because it could‚Äôve been a mistake or just some adjustment in seating. But it starts to get more frequent and harder against my back.

I‚Äôm just trying to get some peaceful time with the music and the greenery we‚Äôre passing by, but no, I had to deal with this.

So I turn around and tell her that she‚Äôs pushing against the seat and that I would appreciate her not doing so. What would a normal person‚Äôs response be? Maybe apologise? Not do it again?

Well this lady, not normal, IMO. She proceeds to shout at me that I‚Äôm disturbing her sleep, and that I don‚Äôt own the bus. Well yeah, I don‚Äôt, neither does she..? I just sighed and switched seats, not worth the effort tbh. I‚Äôm gonna be having a really long day and I just don‚Äôt want to waste anymore energy on such a small matter.

But it got me thinking if this is what others have gone through? I mean this is not the first time I‚Äôve encountered a backseat pusher, but this lady‚Äôs reaction shocked me. Is this normal?",,Rude passenger on bus pushes seat into another rider,complaint,bus service,safety
233,1bbusnz,Taylor Swift fans who flew to S‚Äôpore for concerts praise efficient transport system & crowd control,,,Singapore's transport and crowd control praised by concert-goers,praise,other,other
235,pfnwl5,Kudos to SANHE CONSTRUCTION for transporting its workers on a bus! üëèüèª,,,Commending bus service for transporting workers.,praise,bus service,bus service
237,14599my,"On the career track: Train enthusiasts a growing community in S'pore, some go on to work in public transport sector",,,growing community of train enthusiasts in Singapore,information/news,train service,other
250,mif4vb,Lorry driver stops to help elderly man cross the road; driver behind blocks off traffic with car,,,Lorry driver aids elderly pedestrian; thoughtful driver assists,information/news,private transport,private transport
251,1at1eay,Does anyone else find that our road junctions are more inefficient now?,"This is more so after more discretionary right-turns are removed and more lanes reserved for right-turn only. On one or two (sometimes every three) lane roads, traffic going straight cannot proceed because they are stuck behind vehicles that cannot yet turn left due to pedestrians crossing, and stuck behind vehicles that cannot turn right because of the red right-turn arrow.

I'm all for removing the discretionary right-turns on busy, high-risk junctions but they are also now needlessly installed at quiet junctions resulting in a jam where everyone is stopped for no good reason.

Edit: Thank you all for your discussion. This is my opinion:

1. I'm not against red right-turn arrows. I understand why we need them. But a blanket implementation on even ulu junctions is a knee-jerk reaction which makes for a poorer overall experience.

2. There should always be a dedicated go-straight lane. If conditions do not allow, the right-turning lane should also allow vehicles to go straight so if there are no vehicles waiting to turn right, traffic can flow straight.

3. Why do we not already have smart traffic lights? This will definitely ease the congestion on our roads. Right now, with the same number of vehicles, there are more jams. We are moving backwards.",,Concerns about excessive right-turn restrictions causing traffic congestion,complaint,policy/regulation,policy/regulation
254,womn38,how do you find confidence in merging with heavy traffic on the expressway,"Hello so i‚Äôve had my license for about 4 years and have only seen heavy traffic on like roads and never really merged into heavy traffic on the highway much. Today i left home late and was really stunned by the heavy traffic when i was trying to merge into ECP that i just kinda stopped there cos there wasn‚Äôt a huge like gap to cut into and was also afraid that i‚Äôd get hit by like the heavy trucks and cars.

So how do you find confidence in like merging into the heavy traffic? Also kinda tagging on i checked online that I‚Äôd get 4 demerit points and a fine, just wanted to know if there‚Äôs anything else i should be aware of as the car is registered under my parents. 

TIA!

EDIT: thanks for all the advice! will try to apply them!",,Query on merging into heavy traffic on ECP highway,query,private transport,private transport/traffic/congestion
257,17stunh,Making sense of Marine Parade MRT station & Underground Shopping Mall,"With the impending opening of the Marien Parade MRT station, I am trying to make sense of some of the designs.

- the station extends all the way to Still Road with what has been announced as ""underground mall"". Aside from the question if this area really needs another mall (i12 is still struggling to find tenants, PP lost its anchor tenant not too long ago, iMall just finished but hasn't opened yet), I am wondering what is the purpose of extending the underground walkway all the way to Still Rd, since this is not a high foot traffic area at all.

- the stretch between Joo Chiat Rd and Still Rd (which is not the actual MRT station) used to be designated as a linear park and had massive trees, it looked fantastic. Now - despite being underground - nearly the entire stretch is taken up by 4 massive buildings as exit/entry to the mall/walkway, there is hardly any space left for greenery. A simple covered walkway would have made so much more sense?

- the station will have an underground bicycle parking space, but there is actually no way to cycle to the station aside from using major roads.

- none of the MRT exits is linked to any of the existing malls, even the MP market is only somewhat oddly connected in front of Parkway Centre.

- side note, anyone knows why they stopped tearing down the MP CC? It's 90% gone but they stopped work some weeks ago

I can't stop thinking that this entire station could have been planned out better and more efficiently.",,New Marien Parade MRT station design criticism,complaint,train service,other
260,12vvhhr,"Singapore man hurt in collision between cycling groups, wife slams 'crazy cyclists'","This is what happens when a peloton of crazy cyclists decide to let their egos get the better of them, ignoring the safety of others, cause the crash of my love, and guess what, rode off despite hearing shouts from others and screams and shouts from me. No regard for the safety of others or even stopping when they hear a crash. And trust me, cyclists can hear a crash a mile away, it‚Äôs the most dreaded sound. 

He has a minor brain bleed which will be monitored closely tonight and tomorrow. üôèüèº Initial suspected hip and elbow fractures have been ruled out. 
Good thing we were riding with friends and they were there to help. The Traffic Police is investigating this and cos of our friend‚Äôs post on FB, the cyclist has contacted me.

Video here : https://www.instagram.com/reel/CrImLFwt-j1/?igshid=YmMyMTA2M2Y=

News  :  Singapore man hurt in collision between cycling groups, wife slams 'crazy cyclists'

A male cyclist was hospitalised with a minor brain bleed, following an accident involving two cycling groups.

DETAILS HERE: https://yhoo.it/3ooDy8K",,"Cyclist injured in collision with another cycling group, wife blames ""crazy cyclists""",information/news,other,other
269,16tafn7,Staying sane when driving (tips and tricks),"Hi all, been driving consistently for 16 years with the last 8+ years as a PHV driver. While I too feel that Singapore drivers are getting less patient, more aggressive and often distracted, driving is still one of my favorite activities and I am here to share some tips for the less happy drivers. 

**Pre-drive routine**: You perceive the world very differently depending on your mood, you create your own reality. Here is my pre-drive routine. After starting the engine, just take 3 slow and deep breaths. Notice what your mood is, how do you feel, remind yourself where you are going and if you are unfamiliar with the route, take the time to go through google map's turn by turn direction. Know that along the way, you WILL encounter kind drivers that you don't notice, as well as assholes that will make their ass-holiness known.

**Game plan**: Have a set of ""mental game plan"" for common situations. What works for me is the following. I will always give way to cars who signal their intentions in advance, I will never tailgate, I will never use my horn in anger or act due to anger, I will always show gratitude to kind drivers by waving or signaling with a quick ""hazard light thanks"", I will never DUI or drive tired, I will never use my phone while driving etc.

**When encountering assholes**: Assholes always seem to pop up suddenly without any warning. Thanks to your pre-drive routine, you would have been more vigilant in expecting them to show up. When I jump scare you at night, you get a rude shock. But if I tell you I will jump scare you when you are otw home later, you might still get shocked but much less right?

First thing is be safe and take immediate defensive actions such as e-braking and creating a larger safety distance etc, basics that you already know from passing TP isn't it.

At the same time, take a deep breath and focus on what you are feeling. Don't judge the situation, it is what it is. That asshole probably didn't wake up in the morning hunting you do",,Experienced driver shares tips for improving mood and avoiding aggressive driving,other,private transport,other
274,1713n5j,The approach to new MRT openings is getting outdated,"One thing I've noticed with the PR effort, and likely by extension, the policy thinking, around new MRT lines opening is that they seem to be targeted at car owners and people who would drive. Have you seen the posters? ""Give your car a break - take TEL3"".

Has it worked? Nope. For every dollar the LTA spends on TEL operations, it makes less than 6 cents. If you count only the service fees paid to SMRT, it's better, but only 11.6 cents. SBST management has also [gone on the record](https://www.sbstransit.com.sg/Uploads/Investor_Relations/AGM/sbst_agm_minutes_2019.pdf) that their break-even point for DTL is 650k - far higher than the LTA's ridership estimates of 500k. [That it still produces losses](https://www.mot.gov.sg/news/Details/oral-reply-by-acting-minister-for-transport-chee-hong-tat-to-parliamentary-question-on-keeping-public-transport-fares-affordable) in the rail side, despite operating the cash-cow NEL, points to a policy failure.

The high use of public transport in Singapore and the recent astronomical COE prices makes it very difficult to get more people to give up their cars. Just look at all the new parents who insist they need a car to bring the little ones out on the weekends.

Consequently, if there is diminishing returns from converting car owners, the LTA should shift their focus to primarily targeting public transport users.

It controls more of this experience; as central bus planner under bus contracting, it should be the LTA's job to redesign local bus networks to drive more inter-regional trips to the MRT system. Furthermore, since new lines like TEL and CRL are being built to relieve overpressure sections of the existing MRT network, MRT passengers also need a push factor to take the new lines. TEL waiting times may be that long because there's not enough passengers to use it - so if you want shorter waiting times, you should support steps taken to increase ridership.

Firstly, long milk-run routes (like 51, 61, 961) are less reliable, and",,"LTA should target transit users to increase MRT ridership, as converting car owners has diminishing returns.",suggestion,train service,policy/regulation
362,wldwb1,Today I learnt: I've been sitting on the MRT seats wrong all along,,,Sitting on MRT seats correctly,information/news,train service,train service
366,1asby2q,GetGo: Why YOU shouldn't.,"Over the past 2 months, I have started using GetGo to run errands as my car's COE expired. This is my experience.

Since opening my account in Jan 2024, I have made a total of 15 bookings. Of which, 2 of them have been cancelled for cockroach infestation, 5 cars I rented either had flashing engine lights or some sort of malfunction. 

Of the 5 that had issues, 1 of them left me stranded along TPE on the first day of CNY. I had elderly grandparents with me that day, and after contacting GetGo, they ONLY offered a replacement vehicle (which i had to walk 5km for) and a $20 discount for future bookings.

GetGo's fleet, especially its older ones (Mazda 3, Ssangyong Tivoli) are absolutely horrible. I honestly doubt they maintain their vehicles.

To all new drivers or those who intend to use carsharing, PLEASE THINK TWICE. With their insanely high insurance excess and poorly maintained vehicles they're just counting on you to screw up.

If you still decide to use carsharing, pleasepleaseplease check and make sure the car is safe to drive. If at any point you feel uncomfortable with the car, call them to cancel it. Whatever you intend to do with the car is not worth the $10k excess you pay if things go bad.",,GetGo carsharing service unreliable and poorly maintained,complaint,private transport,private transport
393,34ww3m,Singapore's High Speed Rail terminus will be located at Jurong East,,,Singapore HSR terminus to be located at Jurong East,information/news,train service,other
404,7hoo91,"Natalie Tran, 6 years ago : ""My fav thing about Singapore, is it's train system. In peak hours you don't have to wait more than three and a half minutes for a train.""",,,Excellent train service in Singapore with short wait times,praise,train service,frequency
406,11ddqx7,Are our roads getting bumpier?,"I'm not sure if it's just me, but I can't help notice that these days, our roads are getting bumpier. Either that, or cars and buses these days are manufactured with mediocre suspension systems.

As I'm writing this, I'm riding a bus home from work. As bus drivers love to drive fast during off peak hours, the road bumps were even more prominent. The entire bus ride felt as though I was inside a 4WD truck travelling on a off-road course. And car rides felt like racing in a WRC race car.

Does anyone feel the same way too?",,bumpy roads and/or poor vehicle suspension systems,complaint,private transport,safety
439,oa2cts,Share your driving school/ instructor experiences,"Hi r/singapore, I have just gotten my license and am really curious to know more about your experiences with getting a driving license in Singapore, because I know that many/most experiences are quite bad. I took my test at SSDC with a private instructor, and here are some of my experiences with him. 

To provide background, he was recommended by a friend, and his website looked quite legit and had driving 'keywords' in the url (**pass driving** in **sg**) so I guess he was not bad at search engine optimization, so I went ahead and hired him. 

1. On my 2nd lesson, he spent much of the time talking loudly on the phone with his lawyer about his divorce. I didn't mind the distraction, but shortly after he had to pick up his daughter from school and repeatedly demanded me to speed up to up to 60km/h even though I have barely learnt the basic maneuvers of a car. Once he got to a suitable place for him to get his daughter, he dropped me off in the middle of a road in Ang Mo Kio instead of the agreed pick-up point at Yio Chu Kang MRT more than 15 minutes early of the 90 minute lesson. 

2. The instructions he gave were vague, and I had to infer what he meant or derive the correct method from which technique you were using when you weren't scolded by him. His words were slurred and difficult to understand. Sometimes, he may even give the wrong instruction and blame me for it. On the day of my 2nd TP test (failed the 1st with him), he asked me to U-turn at a point where I was quite sure U-turning was not allowed, but did so anyway because I trusted his experience. I got shouted at after that because U-turning wasn't allowed and he said he asked me to turn right. You may be wondering why I didn't clarify my doubts with him, but it was because earlier in the lesson, he asked me to turn right and I did, only to get reprimanded because he wanted me to turn left instead.

3. He reprimanded me for things that wouldn't get me penalized in the TP test. Admittedly, I am not as skill",,Bad experience with a private driving instructor in Singapore,complaint,private transport,other
454,fjzkan,M'sians working in S'pore can't commute beginning tomorrow,,,Malaysians cannot commute to Singapore from tomorrow,information/news,bus service,other
455,1ap3959,sleeping overnight at Changi before checking-in?,"hi everyone, i‚Äôm an international student in Singapore and planning to go back home during this march holiday. my flight is gonna be at 7 am, so I have to be at Changi at around 4:30. Train and bus are not in service at that time, and as I don‚Äôt want to spend $30 for taxi, i‚Äôm thinking of going to the departure terminal at midnight (around 1am) , then wait until 4:30 to check-in. I‚Äôm wondering if anyone has experienced the same thing like this before? If yes, can anyone suggest some free corners that I can sleep in? (preferably terminal 1).

thank you!",,Student seeking free sleeping spots at airport for early flight.,query,infrastructure/facilities/systems,other
481,pv010t,Taxis and private-hire cars allowed only two passengers from Monday,,,Taxi restrictions tightened to two passengers,information/news,private transport,private transport
484,yfwpio,"BlueSG launched their new cars, and it‚Äôs a step in the right direction‚Ä¶to getting rid of bad drivers.","BlueSG‚Äôs recent upgrade from the very French Bollere BlueCar to the latest Opel Corsa-E is definitely a welcome surprise. 

I‚Äôve been a big fan of BlueSG for a little more than a year now due to my hatred of mass public transport, as well as the abhorrence of the prices of decent cars in Singapore. However, the original Boller√© BlueCar isn‚Äôt a car that I would happily choose to be driving, it was out of mere necessity and convenience. Let‚Äôs get into that before we talk about the latest Opel offering. 

The BlueCar is quintessentially French in a way that it‚Äôs *in a horrid French accent* ‚Äúlet‚Äôs design a car that is too big to be small, too small to be big. And oh we should uh, put the speedo in the middle and have the dashboard be the width of the English Channel where if you put your phone anywhere near it, it would disappear into a inch wide gap much further than your arms can reach. Also for some reason, the gearstick is the other way around to confuse everyone. And 50hp is tres bien, also also we need the throttle pedal to feel like brake pedal and the brake pedal to feel like the throttle pedal. 

Odd, exceedingly French design a little better than the Fiat Multipla aside, everything about it screamed ‚Äúlook at moi, I am no more zhan 500 euro‚Äù down to the extremely bad stereo and stitching (or the lack of). It‚Äôs the first car I‚Äôve ever felt that it was a box on wheels that would only be required to ferry me from point a to point b with a high to very high chance of dying before I reach my destination. 

Now to my first drive of the Opel/Vauxhall/Peugeot Corsa-E/208 whatever you wanna call it. I jumped on the old BlueCar to drive about 10 minutes to the nearest Opel that was somewhere in the middle of Pasir Ris with a sense of anticipation to drive the new car, where the driving experience of the older offering definitely amplified. 

I did the ol‚Äô rent and tap, hopped onto the tiny 4 door hatchback just to be greeted with ‚Äúkeys not detected‚Äù as I fumbled about in",,"BlueSG upgrades BlueCar to Opel Corsa-E, offering improved driving experience.",information/news,private transport,private transport
486,1beardy,I JUST PASSED MY DRIVING TEST! here‚Äôs some tips which helped,"I just passed my driving test after have to do 2 retest. Man it was absolutely mortifying to have to see the same instructors. Even during the warm up, the instructor was like ‚Äòyou dont want to pass today?‚Äô. However, the tester was really nice. He made small talk with me, made me feel comfortable. So here are some tips:

- ALWAYS LOOK BACK WHEN PARKING LOOK BACK

- For reverse (no pole): 

Full Lock Right 3.5 blocks (black and white) is at your shoulder

- For reverse with pole: 

Must touch the ledge gently. then must go up. dont touch the pole. Once it touches, drop, then full lock right. Remember to make sure you‚Äôre in the centre so that the car wont get stuck in the middle (its an IF)

- For vertical parking: 

drive all the way in-front, make sure your shoulder touches the number. Then reverse till back line aligns w the bar (black/white) in the middle after the corner. Then full lock left. Bring down mirrors to check. (Start Further from curb)

- For Parallel parking:

Bring mirror down. Then when the front door lock handle back touches the end of the curb, full lock left. check the left mirror to see the white block until you see a bit of the black. Then straighten reverse till u touch yellow line. Bring mirror down. Then full lock right. Make sure to reverse before driving off. (Start Close to curb)

- When he slaps the board, E Brake.

- Don‚Äôt exceed speed limit when driving outside

- STOP AT STOP LINE (how i failed the first time).

Mentally, i really had to control my breathing. Remember to breathe into your stomach, not your chest (makes you even more nervous.) For those retaking, just think of the circuits. Dont think of whats next, dont think of the points, dont look at the tester. Dont look at his screen. Just be present. If you can take the test, it means you have all the knowledge and skills you need to pass it. Also dont count your eggs before they hatch. The test isnt over till you turn off the engine. Trust yourself and your judgement. BE CONFID",,Driving test tips and tricks,other,private transport,other
492,1bjajl8,When to give up MRT Seats?,"This question probably has been asked quite a few times, but I just want to be clear, when should one give up their seat? Recently, I keep seeing parents on the train with kids (5-7) who keep asking their parents loud AF ‚Äú why I cannot sit?‚Äù Whenever this happens, someone will always be guilted into giving up their seat for the kid, and the person beside them will also feel guilty if they don't give up their seat, because it‚Äôs like separating the parent and the kid. IMO, the only people who should be given seats are very old, frail elderly (70-80+ with a lot of laorenban or have a full head of gray hair. ), or heavily pregnant women that look like they gonna give birth anytime soon. 

I recall being eyeballed by everyone opp me once when I didn‚Äôt give up my seat to a 5-7 yo kid standing in front of me, who kept whining to his parent ‚Äúwhy no seats for me?‚Äù The kid and parent had gotten on the train after my stop, and alighted before my stop. They stood for a total of 5 minutes. Maybe it was my upbringing, but I never whined to my mom about no seats on public transport when I was a child. I would wait, if someone gave their seat to me, I‚Äôll be happy and my mom would tell me to say thank you. I would be paiseh and grateful to the person. I NEVER felt entitled to a seat just for being a kid. 

People all pay train fare. We are all entitled to a seat on a FCFS basis and we give it up when we want. People have invisible pain. A relative of mine had cancer really young, she looked healthy in the initial stages, but had frequent dizziness and still had to stand on public transport. We don‚Äôt know if someone has a longer journey, headaches or menstrual cramps (for females). What we do know is that children 5-7 have no worries, and are less likely to have these invisible pains esp if they have the energy to climb and fidget in a seat. I‚Äòll give up my seat to a kid who DOESN‚ÄôT ask for it, I will not give it to a entitled brat who whines to his parent about ‚Äúwhy I no seats? Why",,should one give up their seat to children on the train,query,train service,other
496,dhmhw0,Is it rude to change seats in MRT?,"So I was on a train with some seats available  and a few stops after, an old guy sat beside me . God bless me , his breath or whatever had a very strong cigeratte smell  that can really suffocate someone (not exaggerating) and I just remained at where I was sitting for the next 30min with him .  It is offensive to change seats ? I think it‚Äôs pretty obvious he knows he have that smell as well so ...yea",,Train passenger discomfort due to fellow passenger's cigarette smell,complaint,train service,train service
504,whjh98,Who do you give up your seat to in the MRT?,"Now that there‚Äôs no such thing as reserved seat. Do you still give up your seat? Yes I still do if I see elderlies and such but now it seems that the 40-50 year olds will also stare at you if you refuse to give up your seat. 

Granted some aunties and uncles might have some physical issues and such but most of them seem perfectly fine, running into the train and such. Only when they don‚Äôt have a seat will they pretend to be off balance and give that pitiful look. Such a weird feeling knowing you‚Äôre entitled to give up your seat to anyone with white hair. Perhaps the younger one might have just finished a 14 hour shift with minimal sleep and needed that seat more. 

Also do you give up your seat to like kids? 

Idk man I just don‚Äôt wanna suddenly appear on Facebook by these old vigilantes for not giving up my seat or something.",,Etiquette of giving up seats on public transport questioned,query,train service,other
547,16wyfri,"Made a horrible mistake, will I kena anything or is this normal","Im still quite shaken by how badly i nearly f-ed up. 

So I was driving and i was about to make a left turn. There were 3 freaking motorbikes, 1 went into my blind spot, 2 went right behind my car within inches. so i slowed down to let them passby. 

Stupid thing was, I slow down they dont want slow down, I accelerate they also accelerate, so I tried to make extra care while turning. 

Unfortunately, I cared for my back didnt care for my front. I was so distracted I failed to realize that there was a pedestrian crossing in front of me, and I just drove past it. I noticed an Uncle cycling about to cross the road but dodged back in time. 

Yesit was dangerous and stupid. I shouldnt be on the roads. Im just not that good at managing different stimuli. Will probably have to stayoff the roads after this. 


Just wanted to ask, I should be expecting some form of legal punishment like fines etc incoming or anything of that sort?

edit: it was around punggol/buangkok. around 9:30+ this morning. for those who PM/ed",,Near miss with pedestrians while turning due to distraction.,query,private transport,safety
550,tkl7ln,Singapore bus stop‚Äôs drip edges makes it to top of r/crappydesign,,,Singaporean bus stop's faulty dripedge design,complaint,infrastructure/facilities/systems,infrastructure/facilities
553,19adxpe,'Not sustainable': Joo Chiat‚Äôs free umbrella-sharing service to stop due to low return rates by inconsiderate users,,,Umbrella-sharing service in Joo Chiat to cease due to inconsideration,information/news,other,other
556,n4hkjm,"SBS Bus Captain Greets Everyone & Announces Stops, Makes Passenger Feel Like He‚Äôs On SIA Flight",,,"SBS bus captain goes above and beyond, making passengers feel like they're on an SIA flight",praise,bus service,bus service
561,ratmkc,"Cyclist fined S$1,500 for crashing into pedestrian after failing to stop at amber light",,,Cyclist fined for pedestrian crash after ignoring amber light,complaint,walk/cycle,walk/cycle
562,pxttmg,Saw this note pasted at a bus stop. Anyone lost something near S‚Äôpoly bus stop?,,,Bus stop note about lost item,information/news,bus service,other
564,my5hvb,"A brand new electric-bus for Singapore, the BYD D9RC (to be confirmed). Seems to have Covid-19 preventions such as an openable sliding windows, temperature scanners onboard, contactless stop bell push, driver‚Äôs assault screen, amongst other things. Definitely looks sleek.",,,New electric-bus in Singapore with Covid-19 prevention measures,information/news,bus service,infrastructure/facilities
567,7aojaf,"Just nosey, what‚Äôs the amber light on top of bus stop do?",,,Amber light query on bus stop,query,bus service,infrastructure/facilities
577,14m73w7,Happened along Balestier road,"Cyclist : 
Reckless (& maybe drunk) Vezel driver (SLF728K) hit and damaged public property, and drove off. 

Happened along Balestier road, bus stop before Loy Kee chicken rice. Wondering how‚Äôs the poor bollard now, I‚Äôm sure the people at the bus stop were as shock as me.",,Reckless driver hits bollard and flees,complaint,private transport,traffic/congestion
579,1bcyd4h,MRT new chimes,"What the hell happened to MRT? Realised the new chimes are gradually rolled out to every train and station. I took 15 stops today and every station, instead of ‚Äúding dong next station‚Äù, I gotta hear ‚ÄúDINGDANGDINGDANFNNFKDHSKWHWHWHWWIAWIHW‚Äù.

I‚Äôm also struggling to understand how this initiative is supposed to be for the visually impaired? What‚Äôs the difference between ‚Äúding dong next station‚Äù and ‚ÄúDINGDANGTINGDANGDINGGDADADA next station?‚Äù

If the issue is about the part where the train reaches the station, maybe just do it as ‚Äútrain approaching‚Ä¶paya lebar‚Äù since the default announcement when the train departs is ‚Äúnext station‚Ä¶paya lebar‚Äù.

It is also puzzling that this only applies to SMRT operated lines. I feel it is so not consistent because SBS operated lines like DTL and NEL won‚Äôt have them. Wouldn‚Äôt that just confuse visually impaired passengers more?

Any thoughts?",,Criticism of new MRT chime for visually impaired,complaint,train service,accessibility
582,8yglgt,Has anyone ever encountered entitled elderly folks on the MRT?,"It has actually just happened a few minutes ago.

As I was entering the MRT, I saw an empty seat (not a reserved seat) and I just went ahead to sit on it but I didn‚Äôt even notice the lady next to me - did not know whether she was old or young. My default reflex action was to just grab whichever seat was available because I have to travel many stops daily for work.

So then as I sat down, I just started to reply some work emails and chat with friends on Messenger.. When suddenly I heard this lady start mumbling in front of me in Mandarin. I don‚Äôt really understand what she‚Äôs saying because I‚Äôm not very fluent in Mandarin, I could only make out her saying something along the lines of ‚Äúold already don‚Äôt know what to do‚Äù (lol direct translation of ‚Äòlao liao zhe me ban‚Äô my pinyin sucks, but she said something like that)

And she seemed damn disgruntled, then the person next to me offered the seat and then she sat next to me and glared at me and my phone.

Like wtf? She didn‚Äôt even look that old, and I also needed the seat. There are some other younger folks who sat at the reserved seats while I sat at the normal one, I just don‚Äôt understand why she was so entitled about it. It‚Äôs the public transport, do you really expect people to give up seats for you all the time?

Sometimes other people are also tired or don‚Äôt notice you, so why are you so mad about this. Don‚Äôt know why some elderly folks here are so entitled and rude. I had many friends who shared similar experiences too.

Rant over. Anyone experienced something similar as well?",,MRT passenger complains about entitled elderly woman demanding seat,complaint,bus service,other
618,1aswsly,"Cycling route between Pasir Ris Park and East Coast Park opens, 18km Eastern Corridor completed",,,"Pasir Ris to East Coast Park cycling route opens, 18km corridor complete",information/news,cycling/walk,walk/cycle
620,xthsf9,Is it right to despise cyclists who cycle at high speeds in pedestrian areas?,"My hatred for them grows every day. I know I'm supposed to love my enemy but my resolve is slipping.

This morning, I was walking back home along an area where there is a bus top and overhead bridge along the park connector. It's quite a narrow pathway. It's no problem if you cycle fast in the park connector itself but I feel like you should slow down a bit when you get to cramped pedestrian areas like this. I'm reminded of those incidents where speeding cyclists/PMD hit and crash into old folks and children.

Anyway, these fuckers just kept speeding through this narrow pedestrian area.

I stared daggers at them, hoping to get a rise out of them. Even though they probably would have whooped my ass as they were bigger than me (Angmohs), I was willing to go down swinging, whether to the hospital or my death, as all the memories and headlines of those speeding fuckers hitting old folks flashed through my mind and my rage increased. Unfortunately, they cycled away unheedingly as if I was just an angry ant. 

If you are a cyclist who speed through pedestrian areas, fuck you. I hate scumbags who have no regard for human life.",,Cyclists speeding through pedestrian areas are inconsiderate and gef√§hrden pedestrians.,complaint,walk/cycle,safety
624,o9ziem,A small example of Singapore's absolutely insane cycling infrastructure at HomeTeamNS Kathib,,,Singapore has poor cycling infrastructure at HomeTeamNS Kathib,complaint,walk/cycle,walk/cycle
629,jb03jh,Night cycling?,"I very much prefer cycling at night (after 10pm) when the roads, footpaths and park connectors are much quieter. 

Just curious, do you guys prefer cycling at night too? And if cycling in the day is your preference, why?

P.S. any eastsiders up for night cycling, feel free to hit me up!",,Night cycling preference poll,query,walk/cycle,walk/cycle
630,xj62m8,"Unbuilt Singapore: Did you know, the Punggol LRT was originally planned to have a northern branch","Hey Punggolites who use the LRT, did you know that Punggol LRT would have had a single line (not a loop) to the still underdeveloped north.

&#x200B;

[Source: 2002 Street Directory, photo taken by me at National Library](https://preview.redd.it/m5dnp5eruzo91.png?width=431&format=png&auto=webp&s=e1658799dd9841d747c641c8b31a70008d850317)

&#x200B;

[A small section of the Straits Times showing the Northern line](https://preview.redd.it/zxpsegf560p91.png?width=1000&format=png&auto=webp&s=4fccb560a99ff57ea16e2addf0a8a976e33aafdc)

The line was to terminate at a centre track at Punggol LRT station. Today, the centre track is covered over with the floor, this explains why Punggol LRT station is not just wide, but also has 4 entry points to ground level, two for each set of platforms.

[Notice the floor at the centre of the station is different, and the extra clock on the right, facing the track \(Source: Photo taken by me\)](https://preview.redd.it/3jy8cgytvzo91.png?width=4032&format=png&auto=webp&s=81cc667744cb42e4bd8ef9f08d258faf0397962d)

The tracks can still be seen in the background, albeit without the powered rail (the white strip running on the centre of the track) and the concrete weathered

[A stub of unused track \(photographed location in blue\), the two stubs would have continued up to Punggol N \(Source: Taken by me, Google Maps\)](https://preview.redd.it/8oyppep4yzo91.png?width=1228&format=png&auto=webp&s=743d2cd4472e1a8e05caeaf5481e3c390003c0e1)

The largest remains of the Punggol North plan are at the still closed Teck Lee LRT station, where there are two stubs of unused and unpowered tracks heading north. The northwest-bound track splits before Teck Lee, implying the possibility of a second set of platforms for Teck Lee station. Punggol West Loop commuters, once you can see it, you can't unsee it.

With the new Punggol Coast MRT station and a bus interchange being built in the upcoming Punggol Digital District, the plans for a Punggol North LRT have been",,Punggol LRT originally planned to have a northern extension line that was never built.,information/news,train service,other
632,p4pcao,Dear Singapore- why is it common for drivers here to pump the accelerator when driving?,"When I moved here I had to stop taking normal taxis after a night out as the car sickness was real- but the behaviour is spreading into the private hire cars too. When you‚Äôre in a car like a Prius you have the visual aid to see the power bar visualisation which shows how much they press and depress.

But why? It doesn‚Äôt save fuel, it‚Äôd put the transmission under stress, and it doesn‚Äôt look good when your passengers look like nodding dogs!

TIA!",,Taxi and private hire drivers are driving erratically,complaint,private transport,private transport/safety
640,rqzm3s,2 commuters alert TransCom officers after man said he wanted to 'shoot' people at Tiong Bahru MRT station,,,Troubled man threatens to shoot commuters at Tiong Bahru MRT station,other,train service,other
644,18bz1wd,ComfortDelGro taxi flagdown rates to go up by 50 cents; new weekend peak hour surcharge from Dec 13,,,Taxi fare increase and new weekend peak hour surcharge,information/news,private transport,cost
738,110th4y,"Letting S'poreans use e-gates improves wait times at Causeway, M'sia hopes more will use them",,,"E-gates at Causeway improve wait times, Malaysia encourages usage.",information/news,border/customs,other
740,11bl2cb,Man fined after he was filmed using e-vaporiser in MRT cabin,,,MRT passenger fined for vaping in cabin,complaint,train service,train service
741,zad8yw,Johor chief minister: S'poreans can soon use e-gates at JB checkpoint for automated processing,,,JB checkpoint to have e-gates for expedited processing,information/news,policy/regulation,policy/regulation
745,r710dw,The wait time at Singapore Airlines customer service office @ ION Orchard ~ 4 hour wait,,,Singapore Airlines customer service wait time at ION Orchard is about 4 hours,information/news,private transport,other
773,123e2uf,Encounter with a possibly racist woman on the train berating a family over their luggage taking up space (more info in description),"It's 12-ish, and I'm on the train. A family is sitting nearby with their bags and luggage. Anyone else on the train could see that they put their things as close to them as possible, trying their best not to take up space. Lady walks in, without any provocation, and shouts at the family, saying that they make it impossible to sit down in the seat next to the father, because of his luggage. The father moves his luggage out of the way best he can, but she still shouts at them, calling the situation (or them) ""outrageous"".

At the next stop, a new passenger boards the train and she sits next to the father - in the ""impossible to sit down"" seat. The voice recording was after this.

As in the picture, the woman had her umbrella on the seat. At the next stop, an elderly man boarded and wanted to sit in the seat next to her. She had to move her bag and umbrella away for him to sit.

I was preparing to leave at the next stop, the family was going to get off at the same stop. I stood up and told the woman - ""Look, your umbrella was on the other seat and the other passenger didn't have to shout at you to get you to make space. Why did you have to shout at them? Have some compassion."" She shouted back at me something like ""Speak for yourself!"" or something along those lines. Still mega confused about that.

Talked to the family when we got off and found out that they are tourists and they've already been having a really tough time finding their way since leaving the airport. To add to that they had to deal with this. Up to this point, they have never expressed anger or replied rudely or even raised their voice.

Am in contact with them, and told them that if they need any more help or if they want to make a report, to just drop me a text.

Still pretty appalled at what happened. I'm hoping they won't have to deal with more people with shitty attitudes while they're here.",,"Woman berates family for luggage on train, then takes seat with umbrella, sparking outrage.",complaint,train service,passenger behavior
780,170a5v8,"Late by 5 minutes, man shocked AirAsia won't let family check in with almost 1 hour before flight",,,Denied boarding on AirAsia flight despite arriving early,complaint,private transport,other
804,ad4jtj,Elderly on MRT trains. Why some of them refuse to sit down.,"I did not realise how much of a challenge balancing on a moving MRT was for the elderly until I saw two incidents.

**Incident 1: Elderly man couldn't get up from his seat without help**

An elderly man was hesitant about taking a seat in the middle of the cabin even though someone offered an empty seat to him. He did so with some persuasion. 10 minutes later, I realised why he was hesitant. When the train was reaching his stop, he tried to stand up from his seat in the middle of the cabin. He was unable to get up from the seat by himself with no pole to hold onto. He was waving his arms and trying to stop himself from falling as he got up from the seat on just his two legs. The other commuters had to hold him as he was in danger of falling down.

**Incident 2: Elderly man didn't dare to walk to an empty seat**

Another elderly man was standing in the MRT cabin, surrounded by at least three empty priority seats. I was wondering why he chose to stand, when an auntie started to prod him to sit down in one of the empty priority seats. It turned out that he was afraid of let go of the pole he was holding on to. There was a young man leaning against the partition who was just slightly blocking his path to the empty seat. Just letting go of the pole and navigating that little detour on a moving train was a huge challenge to the elderly man.

**We don't understand the problems of the elderly because we have never been in their position and we look at things from our lenses instead.**

Even I do that. I have a 70-year-old mother. I was out shopping with my Mom. I was right behind my Mom. My Mom had turned her head away for a second and there was a little girl (maybe eight-years-old) who walked into our view from our left. She was going to collide with my Mom in one second. I saw the little girl nearing Mom, and in that split second, I remembered what I was thinking. I was like, ah, Mum will be okie. If that small little girl had walked into me from the side, I would be fine",,Elderly struggle with balance on MRT due to lack of support,complaint,train service,train service
818,on7min,"You must be old if you have memories of taking this classic SBS bus. Gotta prepare those coins before coming on board. Don't forget to take your ticket! The wind blowing in your hair when the bus is moving at speed was the best feeling ever. And when it rains, you would rush at closing the windows!",,,Nostalgic memories of the classic SBS bus,information/news,bus service,other
819,17gu6xu,If driver don‚Äôt give way..,"Hello I‚Äôm new to driving on the SG roads, pls be kind. 

If I signal my intention to lane change clear and early and with ample space.. then when I‚Äôm changing lane, the car behind refuse to give way and speed up and hit me.. who will be at fault? Thank you.

Sigh. I‚Äôve driven for years in the UK and Japan roads and just 1 week in SG driving I already got horned at more times than Japan & UK combined. What‚Äôs with SG drivers man! Rushing to where!",,New driver hit during lane change after signalling,query,private transport,safety
822,co4myq,Do Singaporean drivers not know how to drive/be polite?,"On the way home, all the way Mandai road from khatib to BKE.

Bus driver honked when the car beside me took half a second longer to move off right after the light turned green.

Vezel behind highbeamed several times before taking off on the right, yes, i was in the damn second lane on 70-80km/h already, wtf? Still ended up on the same traffic light at the zoo area anyway. triggered af. Proceeded to squeeze in front of me when merging lanes into the highway. Before speeding off into KJE. Can anybody explain this idiocy? How do some people see this is and not think they're dumbfucks? 


Half of the drivers on the way home didn't use their blinkers when switching lanes. Really? fucking one finger lift only leh. It really isn't that difficult to use the turn signals, EVEN when nobody seems to be around the car. 


I've seen a good number of polite drivers here, but really, about half of us suck at driving. How did they pass their driving tests? The island is so small, no matter how we rush, it's only gonna be a 5 min difference at most.",,Complaint on Singapore driving standards,complaint,private transport,other
824,178xv96,[SSDC] [Class 3A] Passed my driving test today!,"Passed my driving test today! First timer with 14 demerit points. SSDC student. Total of 27 lessons taken (24 practical lessons, and 3 revisions). The posts on this subreddit really helped, so I figured that I should share my experience.

Background:-

1. I have an existing BTT since early 2000s. Signed up for BBDC back in the late 2000s, but did not complete my driving lessons. Took more than a decade to restart my lessons.
2. Decided to learn driving again after some encouragement from my now ex-colleague (thanks Mel). Started in late July/early August 2022.

Sign up process:-

1. Googled for private driving instructors in Singapore. Paid a downpayment to the contact person. Contact person then introduced a private instructor to me. Asked the private instructor some questions, and they were not helpful. Decided to take the loss and sign up as a SSDC school student.
2. No walk in allowed, at least back in late July/early August 2022. Gotta make an appointment online before proceeding to sign up as a student.
3. Sign up process pretty fuss free.

FTT:-

1. Passed during my first try. Think I got 49/50. I downloaded an app on Play Store that serves as a test bank. Did multiple trial tests on the app until I can consistently pass the test, with at least 48  points and above.

Booking practical lessons:-

1. When I started on my learning journey, I booked lessons online, and also used the SSDC bot. Progress was extremely slow due to a big gap between my lessons (for example, my first lesson was on 5th September 2022, and my second lesson was on 12 October). The gap is also partly my fault, given that I have urgent meetings to attend and had to cancel last-minute. Tried to camp for slots, but given that I'm working, it's really hard to snipe try-sells. Had 14 lessons from September 2022 to July 2022.
2. The SSDC bot doesn't seem to work anymore, so I suggest that folks shouldn't use it.
3. Decided to speed up the process by being the biggest irritant to SSDC. I made alm",,Passed driving test after 14 demerit points with 27 lessons.,information/news,private transport,private transport
827,12ltoba,[PSA] Grab's Platform Fee to be revised to 70 cents from 5th May 2023,,,Grab platform fee to increase from 5th May 2023,information/news,private transport,cost
830,110jyg0,Pregnant woman risks lives by crossing road in Joo Chiat when traffic light not in her favour,,,Woman crosses road against lights despite imminent danger,complaint,walk/cycle,safety
835,qcgm0k,Transport workers' union calls for more enforcement against errant cyclists in bus lanes,,,Union wants more enforcement against cyclists in bus lanes,complaint,bus service,policy/regulation
838,nv2x2b,Stroads in Singapore | Why they are Bad and How to Fix Them,,,Singapore's stroads are inefficient and dangerous; need to be reimagined.,information/news,infrastructure/facilities/systems,infrastructure/facilities
889,12ctygk,"SBS Transit bus doesn't stop for man, 73, so he takes taxi to chase after it & say 'f*** you' to bus driver",,,Elderly passenger berated bus driver for not stopping,complaint,bus service,quality
890,146shlh,SBS Transit bus captain stops bus & turns off aircon after passenger brings durian into bus,,,"Bus passenger brings durian onto bus, AC turned off",complaint,bus service,other
891,pwzvg6,SBS Transit now offers up to $4k salary and $6k sign-on bonus for local Bus Captains with 5-day week option available,,,SBS Transit offers bonuses and 5-day workweek for bus drivers,information/news,bus service,bus service
892,181tlbn,Roof of SBS Transit bus peeled off after hitting tree in Bishan,,,Bus roof torn off after hitting tree in Bishan,information/news,bus service,bus service
893,r0ym5u,SBS Transit lawsuit: Bus drivers appoint Lim Tean to take over M Ravi as lawyer,,,Bus drivers appoint Lim Tean as lawyer,information/news,bus service,other
894,qrff8e,9nov2021 sbs transit bus captain closed bus door on elderly while halfway exiting,,,SBS bus captain closed door on elderly,complaint,bus service,safety
896,18a6hez,Yet another bus service axed,,,Bus service reduced due to budget cuts,complaint,bus service,infrastructure/facilities
899,nf46xz,Passenger buys 80 packs of food to treat SBS Transit bus captains in Bishan,,,kind passenger treats bus captains with food,praise,bus service,other
900,qzflc1,Hearing into bus drivers' suit against SBS Transit over overtime pay derailed by courtroom drama,,,Bus drivers suing over overtime pay in adjourned court case.,complaint,bus service,other
901,xzphkj,SBS Transit driver dies after bus crashes into tree in Hougang,,,"SBS Transit bus crashes into tree, driver dies",information/news,bus service,other
902,108d1iy,"Bus Driver Refuses To Let Boy With Autism Board Vehicle Without Mask, SBS Transit Apologises To Family",,,Boy with autism refused entry to bus for not wearing mask,complaint,bus service,other
903,193765e,EZ-Link Card and SimplyGo (and how transition could have been done better.),"Ok with this new move by our Transport authorities, I can try to explain how the Old CEPAS Cards compare to current SimplyGo Cards, and how it could have been done better.

Old CEPAS EZ-Link cards are storage-based cards, basically think of it like your SD Card/USB Stick. Cause the money is stored in the card itself, the card shows its balance when boarding busses/trains/slotted into IU for cars. Issues with the system is say for example you lost the adult card, you basically lost money in it unless you remember the 16 digit CAN ID on the back of said card (since it‚Äôs anonymous), or you linked it to the EZ-Link app back in the day. This is different from Concession cards (the ones with ur IC, name and Face on it), since the authorities have more info to track said card and return the money back.

New SimplyGo cards are account-based cards, like your Google Drive account. The money is stored on servers with SimplyGo. I believe the data transmission to the card from servers is to strive between allowing you to board public transport and what relevant info to tell you on card reader hence you cannot see the balance (take my words with salt, I‚Äôm basing it on experience with TL Staff and observations). Also, you have to not only maintain a balance of minimum $3 (or else you can‚Äôt use the card for 2 days lol), top-ups recommends 10 minutes to update the servers (probably thought of as a small issue since you probably have to wait for a bus but still). One thing about SimplyGo is that if you lost said card and block it, you can transfer the money to your new card. But no inserting to IU, no card balance reading.

Honestly felt that the authorities should have done a different way.

1. Announce suspension of adult CEPAS card issuance and begin sales of only SimplyGo Cards. (They are doing the 2nd part run)
2. Honour remaining CEPAS cards to their Expiry
3. Improve the SimplyGo app, quite buggy still.
4. Innovate to allow card balance to be readable at the card reader.

If w",,"Comparison of old CEPAS and new SimplyGo Cards, with improvement suggestions",information/news,bus service,other
904,p7xh1o,SBS Transit bus driver rushes out of bus to help old man who fell in heavy rain,,,SBS bus driver aids elderly person in downpour,praise,bus service,bus service
906,pbqjem,"Tower Transit will be taking over some bus services in Yishun, Woodlands and the entire Sembawang from 5 Sep onwards. (from Tower Transit's Facebook)",,,"Tower Transit taking over bus services in Yishun, Woodlands, Sembawang",information/news,bus service,bus service
907,veaaxb,"SMRT, SBS Transit to discontinue night bus services amid low demand, to 'free up finite resources'",,,Night bus service discontinuation due to low demand,information/news,bus service,bus service
908,11tp5s3,Best app for Bus Timings?,"I travel by 12e which only has a 30 min frequency:(
And I can't afford to miss the bus.

Have tried Moovit and My SG Bus. Both were were wildly incorrect.",,Inaccurate bus arrival time apps cause missed buses,complaint,bus service,bus service
909,wrd1sm,SBS Transit bus captain flashes middle finger after getting confronted for not giving way to pedestrians,,,SBS bus captain flips off pedestrian,complaint,bus service,other
910,pkt0tl,"Man suffers head injury, punctured lung after SBS Transit bus brakes hard along North Bridge Road",,,Passenger injured in SBS Transit bus accident,complaint,bus service,safety
912,124ifyi,"TransitLink, EZ-Link apps will merge to simplify ticketing services for bus and train trips",,,TransitLink and EZ-Link apps to merge for easier ticketing.,information/news,other,other
915,tk3ahl,"SBS Transit lawsuit: Ex-bus driver testifies about work hours, rostering system on first day of High Court trial",,,"Bus driver testifies about work hours, rostering system in lawsuit",information/news,bus service,bus service
916,qri57n,"SBS Transit bus driver disciplined after doors close on woman, causing her to fall",,,Bus driver disciplined after woman falls due to closing doors,complaint,bus service,safety
917,lgp3q6,SBS Transit 3-doors bus doesn't seems very convenient #shorts,,,SBS Transit 3-door bus inconveniences passengers,complaint,bus service,quality
918,fk1rug,M‚Äôsia lockdown: SBS Transit secures hotel accommodation for M‚Äôsian bus drivers,,,Lockdown. Hotel for stranded Malaysian bus drivers.,information/news,bus service,other
922,i89qel,SBS Transit filing police report against man who insulted bus driver after refusing to wear mask,,,"Bus driver insulted by maskless passenger, police report filed",complaint,bus service,other
930,1bcwea3,New MRT map found on TEL train,"Hume MRT, Punggol Coast MRT and stations along TEL4-5 and DTL extension are now behind a sticker ready to be torn as they open.",,New MRT stations opening soon.,information/news,train service,infrastructure/facilities
931,1ar9ock,'What's your problem?' Commuters lock horns over priority seat in MRT train,,,Argument over priority seat on MRT train,complaint,train service,train service
962,1b73q41,"Speed limit of PMAs to be cut to 6kmh, says MOT",,,Reduced speed limit for Personal Mobility Aids,information/news,walk/cycle,walk/cycle/safety
970,1770cyy,Child reversing into me,"As the title suggests, I was walking along a mall in Singapore with my SO when a little girl abruptly started reversing in my direction quite quickly. I barely made it in time to avoid her. She appeared to have lost her balance for a split second but quickly regained it i.e. she did NOT fall down. Before I could even respond, I heard the mother very loudly exclaiming ""<child's name>! Are you alright?! WHY THIS PERSON LIKE THAT?!?!"". For clarity, ""this person"" mentioned by the mum, is me.

I was really confused as I was not the one who ran into the kid.. this kid reversed into me out of nowhere. What did the mum expect me to do? What would you have done in such a situation?",,Altercation during mall encounter with child reversing into pedestrian,complaint,walk/cycle,other
971,101cad5,"Grabfood driver suppose to follow traffic safety rule, or not?","Was crossing green light on a pedestrian crossing just now, checked left right and saw a grabfood e-scooter rider coming towards my direction but his way is red light, so I didn't really bother.

I assumed it's safe to cross hence I walked, to my surprise I didn't realize he didn't slow down and just swerved and zoomed past literally less than 1m in front of me at 40km/h or smth, it was really fast. 

I was pretty stunned, literally could have been knocked down pretty hard and got hurt.

So now I'm seriously wondering, what are the traffic rules these e-scooters suppose to follow?

There's clearly something wrong with the systems in place, if there are any even. 
What if it's a kid running across instead of me? That could have been so much worse.

Would like your opinions, thanks.",,"E-scooter rider narrowly misses pedestrian at red light, raising safety concerns.",query,private transport,safety
986,smn0bb,Why do Singaporeans not insist on better bike infrastructure?,"I know... I know... many people in Singapore hate cyclists - because recreational cyclists use the roadways seen as built for productivity & the pavements (when they exist) are not wide enough to share with people.  Bear with me 1 sec.   Commuting by cycle to work or errands is sustainable, equitable, fun & healthy.  Climate, gradient & size of Singapore is perfectly suited for it as a means of daily transportation.  If you haven't tried, you might be amazed how much easier it is than walking - the slightly faster speed with less effort spares you time in the sun, and cools you.  Rain just cools you more!  I have ridden to work in pouring rain, and it doesn't take long to dry & clean up.

Only problem: the infrastructure (even new stuff) is really awful.  Regulations & design make it extremely hazardous for a cyclist to try to turn right.  The new law mandating 1.5m passing distance is undermined by the continued expectation that a cyclist stay far left. There are many kms of PCNs & trails, but they are often disjointed, lack clear markings, include staircases, terminate at inaccessible flyovers (i.e. Pandan river North), and don't reach residential areas across the island to connect to places of work or shopping.

Today I tried a new, longer route taking me from my far-flung West neighborhood to downtown and around Sports Hub.  First photo shows a brand new staircase (installed just Nov 2021) which has a completely useless bike ramp (too close to the railing, which catches handlebars) - prior to installation this was an easy gradient dirt trail.  Unfortunately now the new infrastructure connection is inaccessible to anyone on wheels (disabled or otherwise).  There was plenty of distance to build a ramp, but they cut into the hillside and put stairs instead. Why?? Second photo shows an inaccurate Google Maps which made me think I could easily cross Merdeka Bridge to get to Sports Hub - I encountered multiple staircases to cross the bridge, barrier walls preventing m",,Singaporean cycling infrastructure inadequate and hazardous,complaint,cycling,walk/cycle
1012,125g9e1,Cities with the best public transport: Singapore in the 4th,"Just come across this stat on social media, Singapore is ranked as the 4th best cities with good Public transport by Oliver Wyman Forum.  What do you guys think?",,Singapore ranked 4th for public transport by Oliver Wyman Forum,information/news,"bus service, train service, policy/regulation",other
1014,10qe78n,What was your weirdest/most random public transport experience?,Sure we ain‚Äôt no New York but I‚Äôm sure that there was a time or two that you‚Äôve experienced something weird or random whilst taking the bus or MRT. What was that experience for you and what exactly happened?,,Weird or random experiences on Singapore's public transport,query,"bus service, train service",other
1015,19cqowb,LTA shelves plan to replace older public transport payment cards with SimplyGo by June 1,,,LTA postpones public transport payment card replacement,information/news,policy/regulation,policy/regulation
1017,10xkpka,"Mask-wearing no longer needed on public transport from Feb 13, as Singapore steps down COVID-19 restrictions",,,Singapore ends mask-wearing on public transport,information/news,"bus service, train service",other
1021,183wy7p,Sinkies who watch their videos on public transport at full volume...why?,"This is too common a sight on public transport in SG. Its rarer to encounter these kinds of people everywhere else, even nearby Malaysia. Why don't they use headphones?",,Complaint about noisy commuters on public transport,complaint,bus service/train service,other
1024,pz6zl1,TIFU I forgot my mask all the way from work to home on public transport.,"So, today I commuted all the way from work to home today, without a mask. I just forgot and realised only after i got off the bus. I apologise to everyone around me, i really just forgot.

Nobody tried to tell me either. Now i feel so bad.",,Apology for forgetting to wear a mask on a bus,complaint,bus service,other
1025,16yl26o,Who will bear the cost? Chee Hong Tat shares why suggestions on freezing public transport fares are 'not sound',,,TP minister says fare freeze 'not sound',information/news,bus service,policy/regulation
1026,1b8oznb,Are people allergic to wearing headphones/earphones on public transport?,"I've recently noticed an increase of people travelling on public transport (buses in particular) watching their videos loudly on speaker without being considerate of the other passengers around them. Literally on every single bus ride I've been on in the past week there's been at least one person doing it. All they need to do is buy some cheap earphones or headphones from Challenger or a neighbourhood store for a couple of dollars. I've even seen two guys almost punch on about this a few months ago.

It's a tiny annoyance, but I don't remember this being a common occurrence before COVID. What's the deal Singapore; when did people start being so inconsiderate?",,Public transport passengers inconsiderately play loud videos on speakers.,complaint,bus service,quality
1030,1ajenvn,"Plans afoot to make SimplyGo universal card for motoring, public transport, retail: Chee Hong Tat",,,"Plans for universal SimplyGo card for transport, retail.",information/news,bus service,policy/regulation
1032,173yav8,"New Tengah residents lament lack of public transport options, long walk to nearest bus stops",,,Tengah residents complain of poor public transport options,complaint,bus service,accessibility
1037,npmwr2,How many of you will be willing to spend money for a piece of Singapore's iconic public transport? Why or why not?,,,MRT memorabilia collection,query,train service,other
1040,17m57cn,"With more molestation cases on public transport, MRT train featuring cautionary messages launched",,,MRT train launches cautionary messages against molestation.,information/news,train service,safety
1041,12yfptl,"Public Transport Council reveals new fare formula, deferred 10.6% fare increase to be considered in 2023 Fare Review Exercise",,,"New fare formula revealed, fare increase deferred",information/news,bus service,policy/regulation
1044,1111sps,Singapore commuters keep masks on despite discarded COVID-19 public transport rule,,,Singaporeans keep masking on public transport.,information/news,public transport,other
1046,ta2ghy,Free public transport for vulnerable groups will create 'financial burden' on commuters: Iswaran,,,Free public transport for vulnerable groups raises financial burden concerns,information/news,policy/regulation,policy/regulation
1049,11kfxpn,All stares and no offers to sit: Travelling on public transport with a 'May I have a seat please?' lanyard,,,Lanyard for elderly/disabled on public transport not always effective in securing a seat.,complaint,bus service,accessibility
1052,x25g86,"Public transport or public toilet? Woman pulls down shorts to pee on MRT train, Singapore News",,,Woman urinates on MRT train in Singapore,complaint,train service,other
1053,6tqku1,"Goal of cashless transport system by 2020, clearly thought up by those who do not take public transport",,,"Goal of cashless transport system by 2020, clearly thought up by those who don't use public transport",complaint,policy/regulation,policy/regulation
1054,1abfgll,"Use of ez-link, Nets FlashPay cards on public transport to stay till at least 2030: Chee Hong Tat",,,EZ-Link card use on public transport to continue till at least 2030,information/news,other,other
1055,j6j4pe,I actually hope mask-wearing on public transport becomes a habit post COVID,"Might be unlikely once the threat of a $300 fine goes away, but I much prefer taking public transportation now when everyone is masked. It greatly limits the droplet spray when someone sneezes and coughs which is a real risk in enclosed spaces like MRT. Plus I find it quieter now that everyone's mouth is covered so its harder to talk!",,Prefer public transportation due to reduced droplet spray and quieter environment with mask mandate,praise,bus service,other
1057,w5h6za,Whats is the wierdest/most disgusting thing you've seen someone do on Public Transport?,"Mine was a couple full on making out on the MRT, the guy proceeds to stick his hand down his buttcrack and scratch his ass. He then takes it out and touches his girlfriends face. No. Just, no.",,"Public display of affection, sexual harassment on public transport",complaint,train service,other
1062,7tjj82,"Public Transport rant, Go.",i honestly hate when people try and squeeze into an mrt train when EVERYONE is exiting.Essentially causing two way traffic at a small door,,MRT train overcrowding causing congestion,complaint,train service,crowding
1063,fz0ld4,"Coronavirus: All commuters have to wear masks on public transport, even after circuit breaker period, says Khaw Boon Wan",,,Public transport mask requirement to continue after circuit breaker,information/news,policy/regulation,policy/regulation
1064,i1q5h4,Caught a bunch of people getting out of their cars and off the road to help a McDelivery rider who fell off his bike at the Yishun Ave 5/ Sembawang Rd intersection.,,,Motorcyclist crash elicits help from drivers,information/news,private transport,safety
1067,17094jw,Tender called to build S‚Äôpore‚Äôs longest elevated cycling bridge across PIE by 2027,,,Elevated cycling bridge across PIE by 2027,information/news,infrastructure/facilities/systems,infrastructure/facilities
1069,15hvgqo,Malaysia to submit new high-speed rail proposal to S‚Äôpore after discussion: Anwar,,,Malaysia to propose new high-speed rail to Singapore,information/news,train service,policy/regulation
1072,r4poqs,Malaysia suggests reviving talks on High Speed Rail; PM Lee says S‚Äôpore 'looks forward to receiving more details',,,Malaysia proposes restarting talk on High Speed Rail,information/news,train service,policy/regulation
1074,ljp36x,Tanjong Pagar car crash brings area‚Äôs speeding problem to the fore,,,Tanjong Pagar fatal car crash highlights speeding concerns.,information/news,private transport,private transport
1095,ls27tk,Jurong Island,"I‚Äôm going for internship at Jurong Island. I was just wondering a few things:
1) How long does it take from the private bus pick up stop (Jurong East MRT Exit B) to Jurong Island
2) What shuttle bus to take from Jurong Island back to Jurong East MRT 
3) What foods/canteen is there at the island
4) Is there any additional information I should take note of

It would be nice if anyone could share their working/internship experience on the island!!",,Jurong Island commute and amenities query,query,private transport,other
1161,10hf73v,S'pore's MRT map will look like this when Cross Island Line phases 1 & 2 completed,,,MRT map expansion with Cross Island Line phases 1 and 2,information/news,train service,connectivity
1163,16nggyu,"Car COE prices hit new record; premiums for larger cars cross S$140,000 for the first time",,,Car Certificate of Entitlement prices hit record high,information/news,private transport,cost
1165,x5c7kj,Drivers wait up to 7 hours to cross S'pore-JB border on Sep. 2 as school holidays begin,,,Long traffic jams at Singapore-Johor Bahru crossing on first day of school holidays,information/news,private transport,traffic/congestion
